Varibale_1,Varibale_2,Varibale_3,Label
1.384635651,0.1519756,1.165861324,1
-0.515961054,-1.384515242,-0.388490784,0
1.356836174,0.112954377,1.162050898,1
1.440078949,0.149682196,1.01893833,1
1.530741236,0.142555324,0.774503288,1
1.501130994,0.082570687,0.73346262,1
1.521077922,0.011662062,0.54893459,1
1.455761967,0.256034574,1.179335213,1
1.881410664,0.33284191,-1.030656112,1
1.876033907,0.332391976,-1.016341913,1
1.768099923,0.212275919,-0.972128011,1
1.834469119,0.26568473,-1.03827311,1
1.384302952,1.821099633,0.093153135,1
1.19636178,1.741106889,0.415676013,1
1.299149052,1.756448374,0.182202716,1
1.284318228,1.72882474,0.172161909,1
1.244084553,1.540416445,0.400478338,1
-0.774200001,0.157307288,-0.563445793,0
-0.743390672,0.184058069,-0.592221275,0
1.36261834,1.620153117,0.252427269,1
-0.654387143,0.147254923,-0.889719043,0
-0.645809718,0.214695369,-0.781309157,0
-0.714482322,0.106608991,-0.808410422,0
-0.784444144,0.164588069,-0.523938826,0
-0.700376134,0.165786512,-0.73014722,0
1.217305764,1.556813118,0.497760125,1
1.377447459,1.597784639,0.171426822,1
-0.668805066,0.198965107,-0.747043873,0
1.40945782,1.63035816,0.152170268,1
1.286718685,2.128554068,-0.13453347,1
-0.72231716,0.747012242,-1.116646133,0
1.311120663,2.164777923,-0.128442466,1
1.252279867,2.164273959,0.020761107,1
-0.741771203,0.840699505,-0.887808157,0
-0.709089558,0.807399912,-1.033663129,0
1.210696647,2.073108104,-0.047073791,1
1.401736632,1.967850784,-0.656725166,1
1.375191538,1.968971529,-0.592640641,1
1.379905213,1.919961561,-0.693042177,1
1.329487889,1.956554305,-0.498931311,1
1.399979459,1.970271082,-0.647285561,1
1.459581994,1.977202861,-0.784610304,1
1.459142701,1.977807935,-0.782250403,1
1.443486642,1.985713678,-0.729195384,1
1.443047348,1.986318752,-0.726835483,1
1.442608055,1.986923827,-0.724475582,1
1.376390866,1.924802157,-0.674162967,1
1.370798605,1.975022273,-0.569041628,1
1.40324826,2.00699072,-0.590658084,1
-0.611755643,0.634316895,-1.540264161,0
-0.567369874,0.648549341,-1.626893787,0
1.357105317,1.995178571,-0.494588853,1
-0.580477721,0.495090831,-1.634312703,0
-0.482250171,0.589786022,-1.703881872,0
1.392710971,1.841866842,-0.628303006,1
1.425160625,1.873835289,-0.649919462,1
-0.612317318,0.683395587,-1.204750977,0
-0.605148228,0.680350327,-1.227738634,0
-0.50539947,0.543712023,-1.733119179,0
1.444356285,1.925354958,-0.599443043,1
1.422964159,1.876860661,-0.638119955,1
-1.076088691,1.233057662,-1.580538388,0
1.263988352,1.975866823,0.05512307,1
-0.697654142,0.352097877,-1.50577416,0
1.481142969,0.669899102,-0.050341839,1
-0.460053794,-0.668761996,-1.121511791,0
1.461140746,0.667431902,-0.003524909,1
1.43541216,0.659042339,0.281786688,1
-0.49115543,-1.041679012,-1.251115966,0
-1.053315576,0.307173875,0.691548422,0
-0.980007337,0.461862064,0.805989258,0
-0.489418082,-0.058708949,-1.406311742,0
-0.393285993,-0.842047053,-1.572331127,0
-0.967751985,1.401921032,-1.196752658,0
1.643785402,0.457721796,-0.112234476,1
1.603695373,0.431026048,0.074370651,1
-1.082639032,1.108739586,-1.588434487,0
1.87580522,0.743918361,-1.20189666,1
-0.297513126,-0.663361561,-1.821370569,0
1.896721189,0.744100516,-1.252667247,1
1.872031924,0.699768876,-1.272230835,1
-0.215370783,-0.636431971,-1.968875496,0
-0.28592585,-0.608191557,-1.745546592,0
1.73599672,0.802246441,-0.740593355,1
-0.228214062,-0.565668012,-1.811695545,0
-0.317359127,-0.391295897,-1.251482013,0
-0.294870545,-0.627184608,-1.759023029,0
1.650135581,0.719895636,0.010841166,1
1.768315876,0.17841453,-0.865849668,1
1.520012936,1.064534286,-0.36984436,1
1.373406515,0.775258762,0.109156266,1
-0.435941644,-0.746232051,0.257534438,0
2.255842748,-1.467793273,-2.049050862,1
0.307981956,-2.601782252,-2.714998678,0
1.961142354,-0.309335478,-1.591929096,1
-0.453061111,-1.385145813,-0.085739727,0
-0.440344825,-1.371995389,-0.092970368,0
-0.633518952,-0.355467067,-0.73043599,0
1.194956567,1.179371939,-0.090668582,1
0.995029797,1.963151285,0.418288853,1
1.168618669,1.83132973,-0.275518319,1
-1.329379196,1.708181214,0.762802546,0
1.100645434,2.245445874,-0.907793009,1
1.619981118,0.292189075,-0.522482901,1
1.691344502,0.502260115,-0.633151254,1
1.725323734,0.327283289,-0.624668095,1
1.733196411,0.631084497,-0.560740199,1
-0.821345355,0.084522566,1.246751136,0
1.071064886,2.724062342,-0.707255241,1
-0.952609455,1.255234713,-0.032223388,0
0.95600494,2.75246468,1.497264409,1
1.12508111,1.979877651,-0.376382067,1
1.156905227,2.223444453,-0.836410285,1
-0.87366727,0.520720835,-1.550061875,0
-1.148500278,1.350325229,0.367209789,0
-1.143739565,1.437794086,0.16543531,0
-0.922461941,0.740452136,-1.698309735,0
-1.110346552,1.393932584,0.606874591,0
0.735123041,2.889745885,-1.15356425,1
-1.241212727,1.499363075,-2.235628185,0
-1.142375445,1.60919894,-2.27748604,0
-0.682743779,0.644639553,-1.876512814,0
-1.174109373,1.68034419,-2.097296399,0
-0.522597929,-0.501044709,-2.408030472,0
2.594575923,-2.469570156,-2.277536269,1
0.640548057,-3.558619073,-2.853601737,0
2.784735454,-3.313928715,-1.895124723,1
2.708805575,-3.247081637,-1.578146543,1
2.398325248,-2.456634442,-1.75340653,1
0.408963165,-3.699287858,-2.516260199,0
0.132741857,-2.930911675,-2.185886474,0
1.92726544,-0.204291346,-1.738180675,1
0.518678563,-3.733102416,-2.869285998,0
2.539819017,-2.39260744,-2.001450367,1
2.41274491,-2.501802856,-1.88170796,1
2.39463914,-1.158977373,-2.498378116,1
2.532069099,-2.251388137,-1.713387045,1
0.507845231,-3.730375986,-3.049073638,0
-0.004894914,-1.769672218,-2.658936128,0
1.947934233,-0.965856759,-0.833598215,1
-0.479424599,-0.715181739,-2.505993574,0
-0.404512765,-1.08747768,-1.442530181,0
-0.837242167,-0.747763695,0.756615218,0
-0.490738063,-1.40579086,-1.355909876,0
-0.549763456,-0.696914936,-2.114488036,0
-0.598076472,-0.785640605,-2.161695177,0
-0.544652974,-0.722227104,-2.106418932,0
-0.545324258,-0.65635399,-1.979820514,0
-0.612024708,-0.686361133,-1.954527333,0
-0.528633612,-0.859307013,-2.066756948,0
-0.547963977,-0.732119148,-2.122006914,0
-0.513633846,-0.816408405,-2.068221197,0
1.53169627,0.217404133,-0.830281362,1
-0.1432189,-1.782378816,-2.736221284,0
2.049865196,-1.890397502,-1.00518115,1
-0.441890791,-1.203212,-1.982067458,0
1.473837928,0.267356197,-0.84199643,1
1.513895966,0.295674309,-0.888960445,1
-0.4710347,-1.035909505,-2.111976687,0
-0.680525344,-0.27259746,-0.774564541,0
-0.532293034,-0.78145628,-2.112926749,0
-0.529417528,-0.735309354,-2.342058286,0
-0.531695908,-1.100575447,-1.913946485,0
-0.348569193,-1.502225846,-2.050060311,0
-0.479662647,-1.079593536,-2.066432653,0
1.510279323,0.589567559,-1.332114377,1
1.560746182,-0.090068313,-0.635984508,1
1.95289232,-1.004629799,-0.556711039,1
2.024430971,-1.01543402,-0.759048952,1
2.001398519,-1.069145984,-0.804884891,1
2.078727536,-1.290194421,-1.21258965,1
2.007950625,-1.272962385,-0.998372907,1
2.453848602,-2.505285774,-1.729444889,1
2.387167432,-2.436871364,-1.430655241,1
2.416798874,-2.730431435,-1.624884188,1
2.435672088,-2.685944655,-1.588646499,1
2.341484947,-2.433161077,-1.743274562,1
2.461248429,-2.183351432,-1.577313548,1
2.498105206,-3.157106043,-1.440284671,1
0.536846611,-4.420076101,-2.927306106,0
0.61740198,-4.36404495,-3.023594035,0
0.538526676,-3.613642627,-2.466748226,0
0.47991787,-3.679414631,-2.441783171,0
2.460944642,-2.559340198,-1.914486776,1
2.485785914,-2.523721417,-1.910755673,1
2.392415844,-2.56080642,-1.74473477,1
2.381811151,-2.390338969,-1.769447352,1
0.75594872,-4.543309415,-2.795172839,0
-0.187832841,-2.240009433,-1.004524094,0
2.474017089,-3.03456085,-1.136020307,1
-1.31395422,0.898174576,1.943862683,0
1.354832602,1.679087052,-0.513159852,1
1.453060152,1.773782243,-0.582729021,1
-0.148364248,-0.259522432,-3.825131387,0
1.362272817,1.903880095,-0.109009592,1
1.451742272,1.775597466,-0.575649317,1
1.878226931,1.168321397,-2.799701331,1
1.754029101,1.080027006,-2.650808647,1
1.382946564,1.829538666,-0.294131118,1
1.847694983,1.215019305,-2.635808764,1
-0.104785042,-0.196237516,-3.814467663,0
1.378931132,1.926933639,-0.106876098,1
-0.32734695,0.066366581,-2.874909119,0
-1.065800994,0.725570043,-1.238239036,0
0.815151504,2.429940381,0.661484053,1
-0.670627897,0.044389747,-1.014390403,0
-0.717440449,0.353118533,-1.031542109,0
-0.698146374,0.372541631,-1.043568022,0
-0.826636651,1.084362286,-1.56976255,0
-0.905005458,1.090646667,-1.363629625,0
-1.031396489,0.332421375,-0.807364572,0
-0.822161607,0.493004989,-1.028708206,0
-1.010793425,1.258952287,-1.364544756,0
-1.23017209,1.11260948,-1.08686141,0
-0.964361562,1.223989671,-1.340179469,0
-0.973027133,0.606634646,-0.746480898,0
-0.869020396,0.65225748,-0.924531567,0
-0.905877766,0.69092988,-0.754843469,0
-0.915144907,0.664903939,-0.782558636,0
-0.717609018,-0.265366099,-1.816593477,0
-0.659852166,-0.289258354,-2.003620785,0
0.992778884,1.165430086,0.377225803,1
1.082814952,1.157760529,0.138510824,1
-0.793850012,-0.057580765,-0.869252414,0
-0.601153991,-0.171126983,-1.571725337,0
-0.830072962,-0.133698696,-0.917970133,0
1.254853953,1.093022237,-0.423978128,1
-0.668886132,-0.15630477,-1.377622178,0
0.882732633,1.275029945,0.86373729,1
-0.865080338,-0.257648474,-1.069935379,0
-0.859968943,0.511035589,-1.027834762,0
-0.689641731,0.138316799,-1.018729074,0
-0.699079102,0.006523876,-0.980794492,0
-0.819008807,0.024214206,-0.63792261,0
-0.712429534,-0.376251387,-0.642528999,0
-0.750389849,-0.506234112,-0.617689026,0
-0.739486357,-0.524078317,-0.540539454,0
-0.60400927,-0.772714143,-0.838352099,0
-0.570744526,-0.699998654,-0.789713702,0
-0.695757446,-0.829040087,-0.71107587,0
-0.546342547,-0.663774799,-0.783622697,0
-0.448857584,-0.905891923,-1.100672481,0
-0.698940898,-0.882331519,-0.173788708,0
-0.568081736,-0.528717856,-0.966673344,0
-0.567403971,-0.578048668,-0.749277309,0
-0.850923356,-0.568184377,0.357212386,0
-0.711270513,-0.706848307,-0.258634765,0
-0.817708786,0.153727028,-1.274499674,0
-0.76758695,0.224359515,-1.269397369,0
-0.650507853,-0.987647346,-0.243707564,0
-0.788789226,-0.827414927,0.41172973,0
-0.671663824,-0.904020011,-0.260139558,0
-0.557798647,-0.841689171,-0.428667445,0
-0.66080788,-0.807525805,-0.15300022,0
-0.662466638,-0.837202079,-0.206062946,0
-0.553509724,-0.94374865,-0.639475534,0
1.399342823,0.088030999,0.603283152,1
-0.523151164,-1.221889067,-0.461720326,0
0.836966169,1.829306385,0.305197855,1
-0.848468771,0.589060151,-1.223455963,0
-0.485744309,-1.57306129,-0.46976657,0
-0.618027515,-0.937571525,-0.579465237,0
-0.835077212,-1.012080871,-0.276222313,0
-0.755449807,-0.694977561,0.124443824,0
-0.660659549,-0.73845631,-0.354200068,0
-0.655532925,-0.567189401,-0.244186206,0
-0.611437329,-0.253304557,-0.799768926,0
-0.794601976,-0.169763019,-0.916976599,0
-1.026038537,0.833169903,-0.382922927,0
-0.760960198,0.697748696,-1.304925889,0
-0.778488573,0.765704813,-1.13479138,0
-1.032078377,0.783260067,-0.454696065,0
-1.100167882,0.781188771,-0.28730396,0
-0.424038598,-1.765379127,-0.179102476,0
-0.648529633,-0.894804352,-0.514866122,0
-0.63844752,-0.786808787,0.05466845,0
-0.564577832,-1.208716749,0.10682656,0
-0.354594157,-0.791285624,-2.037690057,0
-0.807275246,0.564663825,-1.405332775,0
-1.00113927,-0.204487919,0.170266534,0
0.335913765,3.839925694,1.787660167,1
-0.993526606,1.512076201,-2.29777434,0
-0.149092375,-1.746487529,-1.775263294,0
1.428547814,0.928752347,-0.596398568,1
-0.624451133,0.091982252,0.758312613,0
-0.800797573,0.080904137,-0.609296319,0
-0.801058398,-0.656535682,-0.160843718,0
-0.841987921,-0.253358729,-0.889576232,0
-0.153039542,-1.424613276,-1.977827912,0
1.24950884,1.930066109,-0.674553488,1
1.397164295,1.853562569,-1.197229745,1
-0.42826333,-0.051527699,-1.723292124,0
-0.369055023,-0.110406645,-1.979135321,0
-0.312661683,-0.593763506,-1.953308333,0
-0.421324262,-0.321736299,-1.865665709,0
-0.565500663,0.433741005,-1.686149512,0
-0.430546192,-0.293439238,-1.442383699,0
-0.672431872,-0.228351943,-0.703063038,0
-0.27061756,-0.555772384,-1.717064257,0
1.243987718,1.658457429,-0.286483865,1
-0.929605482,0.846948581,-1.256933547,0
-0.712713567,-0.024629431,-0.528563508,0
0.061843839,-2.740588357,-1.536326425,0
-0.742053574,-0.713182286,-0.836837341,0
-0.754428982,-0.694841212,-0.76946427,0
-0.804949661,-0.770471569,-0.89646475,0
-0.801653252,-0.215792164,-1.055188236,0
-1.134001104,-0.533110876,0.696031558,0
1.125983754,-0.228390413,1.128667896,1
1.450679156,-0.031236996,-0.293240991,1
-0.735523031,0.027378494,-0.785167562,0
0.003577102,-1.638216154,-2.230077082,0
-0.57999628,-1.189654445,0.087508896,0
-0.049082078,-1.737314766,-2.283522312,0
-0.110172932,-1.758177071,-2.16918908,0
-0.114519096,-1.768550013,-2.175427168,0
-0.67305405,-1.14343014,0.401119207,0
-0.733275045,-0.590033163,-1.799471682,0
-0.629829305,-0.619438235,-2.054084919,0
-0.873626371,0.434191402,-0.68613739,0
-1.175161991,0.108143147,0.594568713,0
-1.12136945,0.502216974,0.596554556,0
-0.984287974,1.265615123,1.131850904,0
1.565149826,0.843100211,0.270040389,1
-0.698474634,-0.160254058,-0.776211342,0
-0.617432648,0.06354181,-0.68794374,0
-0.59815748,0.016261462,-0.780315131,0
1.326317711,1.362890692,0.351989803,1
-1.345698086,0.739973789,1.159329565,0
-1.007505339,-0.124439956,-0.900799584,0
1.073223108,1.276641387,-0.057522243,1
-0.646119449,-1.663592487,1.017322171,0
-0.630251744,-1.202808387,-0.812300401,0
1.587764479,-0.118212848,-0.070061887,1
1.675768722,0.404831855,0.17530958,1
-0.218431858,-1.11700721,-1.619697093,0
1.32671435,1.017859831,0.052992486,1
-0.63941794,-0.138371843,-1.146854204,0
1.179726378,1.318839389,0.462601936,1
1.889708618,-1.605777925,0.590358789,1
1.974359727,-1.4985644,0.578643765,1
-0.816188579,0.029045719,-1.161137215,0
-1.059502981,0.652892079,0.623747281,0
1.087271969,1.334428727,0.139181723,1
0.907657788,2.055445837,1.950649456,1
1.15030567,1.209947756,0.163602281,1
-1.234535771,2.471665018,-0.445321665,0
-1.37008533,2.518675453,0.149132667,0
-1.250292751,1.849181862,0.005999099,0
-0.919005413,1.198455365,-2.055830877,0
-1.244593548,1.856664685,0.00592363,0
-1.543929312,2.618217186,-0.19831099,0
-1.369143708,1.992904605,-1.813443479,0
-1.592099054,2.8981794,-0.271523146,0
-1.033209068,1.227467572,-1.446471652,0
-1.233554237,1.910393688,0.33307143,0
-1.368852118,2.409486748,0.007249307,0
-1.407008888,2.372841883,0.04080053,0
-1.415644568,2.288144205,0.089479488,0
-1.501152821,2.978005735,-0.586952981,0
-1.463115638,2.878646893,-0.440746235,0
-1.404155383,2.287313108,0.268876542,0
-1.031240085,1.749434339,-1.887067636,0
-1.352063139,2.353896322,0.053326281,0
-1.634033189,2.440660062,0.827084439,0
-1.338999209,2.269822672,0.316955044,0
-1.342685785,2.202710687,0.092416008,0
-1.013724599,1.666294225,-1.737208123,0
-1.457053752,2.182942112,0.338278452,0
-0.422294992,-1.732903605,0.16241846,0
1.555692758,0.191993451,0.816487863,1
-0.365613062,-3.041909633,0.072332741,0
-0.198380174,-3.070088674,-0.183770164,0
-0.68306565,-1.729408189,1.357664898,0
1.490710364,0.100828927,1.169446489,1
-0.608032848,-1.469336657,0.870948496,0
-0.60895784,-1.798929048,1.259657046,0
-0.567596795,-0.443738199,-1.268205749,0
-0.751001851,-1.543226629,1.317469034,0
-0.785995293,-1.758239127,1.995695223,0
1.509460563,-0.831292295,1.852683122,1
-0.544252314,-2.921858166,0.736856346,0
1.787942965,-0.543768636,-0.095083197,1
-0.504044424,-2.558805271,1.152517302,0
-0.463476243,-2.737501645,0.539571142,0
-0.716396154,-1.479036401,2.547542475,0
-0.778075849,-1.877741165,2.920240561,0
1.903080283,-1.1183601,0.100539713,1
1.778948353,-0.149882663,-0.214457038,1
1.728944494,-0.784373351,0.421331042,1
-0.433552848,-1.230124057,0.38627261,0
-0.731183423,-1.779086805,3.13969906,0
-0.745319185,-2.241335028,1.807531291,0
-0.682275409,-1.865350981,1.609979519,0
-1.109420359,0.070241925,0.744753974,0
-0.816408968,-0.059329526,-0.235174748,0
-0.898447084,0.102325046,-0.165280828,0
-1.070094103,0.524829532,0.101673676,0
-0.894621752,0.194798637,0.010424461,0
-0.874800476,-0.041497067,0.159218531,0
-0.954474702,-0.389343711,0.737252739,0
-0.845846582,-0.373250159,0.687566882,0
-0.884052632,-0.073049194,0.277066405,0
-0.769329245,-0.075443709,-0.021420063,0
-0.811943894,-0.245828901,-0.429792735,0
-1.052297322,0.020075159,0.652529417,0
-0.868972134,-0.045306019,0.088473135,0
-0.88095213,-0.129872209,-0.074502311,0
-0.952988852,0.206821453,-0.227729288,0
-0.888826594,0.134399526,-0.52895816,0
-0.924492466,0.015295046,0.337698351,0
-0.902701587,-0.414528803,0.793923099,0
-0.787978199,-0.416923318,0.495436632,0
-0.960009998,0.1309803,-0.150581274,0
-0.985729856,0.096571668,-0.149592575,0
-0.91446444,-0.009479097,-0.209616497,0
-0.905299895,-0.273809074,-0.00681423,0
-1.163189451,0.31942703,0.189720527,0
-1.037140656,0.143929986,0.247179015,0
-1.073122312,0.381496301,0.104154591,0
-1.172228449,0.288011259,0.178443563,0
-1.135799121,0.460223028,-0.073807619,0
-1.086119814,0.492103399,0.010332916,0
-1.078950724,0.48905814,-0.012654742,0
-1.201114,0.471792139,0.261915423,0
-1.183382894,0.614310409,-0.017350656,0
-1.147652589,0.656714187,-0.024649059,0
-1.07654201,0.810022137,-0.620061709,0
-1.247140122,1.036447707,-0.339236368,0
-0.928976644,0.272515525,-0.297717782,0
-0.988077462,-0.226995342,0.146259568,0
-0.971076564,-0.122458188,0.299576747,0
-0.95301844,-0.11871845,0.265559583,0
-1.004844098,-0.152611411,0.328272906,0
-0.901463581,-0.107531262,0.155942299,0
-0.972833737,-0.12003789,0.309016352,0
-0.917326943,-0.164288485,0.087118703,0
-0.927234705,-0.134091118,0.107826461,0
-0.920065616,-0.137136378,0.084838804,0
-0.950345196,-0.092191304,0.249731631,0
-0.958392872,-0.087935895,0.277439091,0
-0.851882382,-0.196655934,0.095492039,0
-0.861585472,-0.031894,-0.065832399,0
-0.970404299,0.003589706,0.275122139,0
-0.961362893,-0.059505927,0.135054991,0
-0.938275694,0.382657555,-0.167474051,0
-0.88440029,-0.469663202,0.304328239,0
-0.852443924,-0.618640459,0.858051216,0
-1.021580156,0.222629209,0.28243563,0
-0.969586004,0.233211321,0.170458445,0
-1.049611624,0.248876025,0.40286372,0
-1.045533625,0.208964831,0.360726954,0
-1.136782284,0.505752872,0.352814276,0
-1.180211349,1.417316475,-0.46302996,0
-1.23957643,1.389424422,-0.252337704,0
1.037579278,1.633891792,0.99367672,1
-0.915974461,0.338030376,0.03578354,0
-0.859965939,0.236436782,-0.171428204,0
-0.996785805,0.138305662,0.67676488,0
-0.922085622,-0.098614389,0.045774616,0
-0.864355403,-0.031632236,0.025529363,0
-0.930292625,0.246759814,-0.191784251,0
0.710588378,1.701216978,1.852997011,1
0.344336324,-3.17060081,-2.249204245,0
-1.00960367,0.111923475,0.179265863,0
-1.037022113,-0.073529722,0.450799909,0
-1.016310365,0.176378792,0.145708281,0
-1.066144589,0.318986618,0.534312516,0
-0.925884843,-0.087990523,0.143673249,0
-0.901043571,-0.052371743,0.147404352,0
-0.926763429,-0.086780374,0.148393051,0
-0.893179381,-0.020300482,-0.008356749,0
-0.869312408,-0.295666921,0.248892846,0
-0.874894523,-0.321723223,0.220663506,0
-0.928592498,-0.295565811,0.40045632,0
-0.907208609,-0.155664228,0.106643854,0
-0.959675305,0.284073079,0.155851442,0
-0.964686534,0.291922221,0.026496511,0
-1.089043118,-0.007266987,-0.121635755,0
-0.976291801,-0.118763259,0.193509139,0
-1.167266603,0.135318535,0.571154635,0
-0.984562376,0.412473022,-0.132445443,0
-0.931075443,-0.237959898,0.765938278,0
-1.043758825,-0.661471104,1.854848862,0
-0.924665497,-0.127817801,0.820293157,0
1.099445766,0.404228589,2.690612096,1
-0.893094242,-1.074402942,1.479582134,0
-0.927110338,-0.893298204,1.885530241,0
-0.903506391,-1.016120453,1.710985152,0
-0.953098479,-1.015057085,1.842000191,0
-0.996355633,-0.765994078,1.779075853,0
-0.936758419,-0.945728802,1.827336665,0
-0.863750459,-0.851473304,1.655688482,0
-0.95335662,-0.781813521,1.741122391,0
-1.205153453,-1.628864318,2.604985602,0
-0.904166775,-1.095558953,1.888658902,0
-0.973249498,-1.195634816,2.057492173,0
-0.883476607,-1.460439508,2.104361213,0
-1.164456716,1.154299302,-0.297702065,0
-1.099069903,0.494365728,0.421430219,0
-1.0088178,0.272695947,0.389127848,0
-0.92461458,0.062114343,0.342372038,0
-0.405387303,-3.098564841,3.919737201,0
-0.449788001,-3.168573213,2.568629977,0
0.084535572,-3.134077652,-0.482144159,0
1.267682814,-1.737575519,4.261297108,1
-0.475792279,-3.360616022,2.154608149,0
-0.463733458,-2.529411085,0.923197126,0
-1.334077218,0.626649671,-0.368003363,0
1.430497728,0.568978231,1.147004606,1
-0.665008028,-0.385189026,0.539500886,0
-1.028819625,0.136180774,2.075603961,0
-0.950714517,0.305367582,-0.419982793,0
-1.312618002,0.776101444,1.375241671,0
-1.126509803,0.275681554,0.114723768,0
-1.501234246,0.919751178,2.271702037,0
-0.63805407,-0.902382891,-0.778695559,0
-0.211487202,-2.087461813,-1.159621367,0
-0.930245867,-0.099671149,-0.306736767,0
-0.897796213,-0.067702703,-0.328353223,0
-0.919188339,-0.116197,-0.367030135,0
-0.944189926,-0.162605269,-0.33830765,0
-0.868615478,-0.136250713,-0.53535716,0
-1.062102281,0.446778574,-0.344937215,0
-0.963977362,0.290324614,-0.890908163,0
-0.528601035,-0.755257203,0.954396998,0
-1.076057271,1.130502449,-1.155269621,0
-0.801453278,-0.235489826,0.169189855,0
0.370476913,-4.005705967,-0.980147126,0
-0.492837931,-2.043228192,0.240825194,0
-1.098168095,0.57701006,-0.724676093,0
-1.197644094,1.090801429,-0.482906384,0
-1.224143994,0.78942983,-0.727043626,0
-1.184893435,0.778898223,-0.704718528,0
-1.041582322,0.259717947,-0.528715805,0
-0.899474063,0.167018725,-1.067149077,0
-0.070412487,-1.956787581,-0.937535875,0
1.510896824,0.636728618,0.426320041,1
-0.108862778,-1.891433071,-0.774187886,0
-0.963844359,0.54367506,0.284425863,0
-0.979500419,0.551580803,0.337480882,0
-0.896025654,0.523040582,0.070129798,0
1.012185691,1.901491477,1.307113514,1
-0.967934421,0.837344407,0.150229013,0
1.177926631,1.907768688,0.750196184,1
1.106487941,1.706855723,0.837169496,1
1.24669179,1.745608967,0.736683091,1
1.25386088,1.742563708,0.713695433,1
-0.675820629,0.411230293,-0.374224087,0
1.287511567,1.780354895,0.701597906,1
1.279463891,1.784610303,0.729305366,1
1.234199535,1.771588005,0.820654794,1
1.33020366,1.755050448,0.54943323,1
1.329764367,1.755655523,0.551793131,1
1.386086251,1.75215197,0.400150335,1
1.257954917,1.74375397,0.707227085,1
1.269451738,1.726623044,0.644573815,1
1.25707633,1.744964119,0.711946887,1
1.216139706,1.717856155,0.763630704,1
1.227636528,1.70072523,0.700977435,1
1.281039015,1.781793048,0.720397793,1
1.280599722,1.782398122,0.722757694,1
1.241303423,1.760507825,0.781600537,1
1.373477147,1.785768972,0.500720669,1
1.279281842,1.784213346,0.729837398,1
1.324492847,1.762916416,0.580111946,1
1.278403255,1.785423495,0.734557201,1
1.212186066,1.723301825,0.784869815,1
1.155878911,1.751172759,0.844449293,1
1.194296623,1.774273205,0.790326253,1
1.239507628,1.752976276,0.640600801,1
1.142624916,1.770723982,0.916542168,1
1.238629041,1.754186425,0.645320604,1
1.23222169,1.763659499,0.68018709,1
1.10230225,1.830516696,1.276714909,1
1.201225772,1.729407767,0.83443019,1
-0.841394993,0.512306689,0.249009434,0
1.142812269,1.915170997,1.149912431,1
-0.896889099,0.613498547,0.39342852,0
1.135965625,1.925249145,1.187138818,1
1.135526332,1.92585422,1.18949872,1
1.189135786,1.815507667,0.831621899,1
-0.64585114,0.405716609,-0.016589343,0
-0.629201351,0.338970642,-0.182004049,0
-0.698116092,0.372428722,0.048483881,0
1.320780548,1.683582234,0.870551565,1
1.186681157,1.684052234,1.2101349,1
1.266060181,1.604329639,0.85821091,1
1.211083135,1.720276089,1.216225904,1
1.218020234,1.782498869,1.317476763,1
1.297631249,1.637508234,0.841314257,1
1.260558375,1.726850684,1.101809496,1
1.348371018,1.607948379,0.661442121,1
1.294673043,1.634105792,0.841234934,1
1.349715856,1.720391276,0.867814319,1
1.204959421,1.648808238,1.094188644,1
1.42137112,1.336560122,0.729203319,1
-0.624772773,-0.410217956,-0.604499099,0
1.497531104,0.907177629,0.569314463,1
-1.089674427,0.676887408,-0.012951999,0
-0.95960501,0.827466969,-0.05251386,0
-0.976437413,0.699618966,-0.2550949,0
-1.017374038,0.672511002,-0.203411084,0
-1.034309168,0.770205782,0.027866116,0
-0.977755293,0.701434189,-0.248015197,0
-0.970699076,1.000208131,0.296206065,0
-0.995129717,0.799734044,-0.014378095,0
-1.012074994,0.973705242,0.350249783,0
0.907739492,1.847413603,1.008055807,1
0.957165356,2.113850209,1.385873663,1
0.873971957,1.817260379,1.036751966,1
-1.446699018,1.629063638,1.728229385,0
-1.565571497,1.545956551,1.883766924,0
-1.585744159,1.527743602,1.900512639,0
-1.487516609,1.622438793,1.83094347,0
0.565923448,2.349911697,1.470130054,1
-1.416006537,1.663452382,1.716052535,0
-1.506867925,1.490583273,1.625923206,0
-1.508897829,1.262733598,1.896811467,0
-1.463292596,1.307247394,1.865604469,0
-1.109677064,0.805301953,0.043071603,0
-1.129525346,1.525938467,1.455591279,0
0.893066563,2.831446753,2.254611021,1
1.203744146,1.955541442,0.78363903,1
-1.238937304,1.167768934,2.507826776,0
-0.764379905,0.613751547,0.275966041,0
-0.740587964,-0.15567059,-0.178735448,0
-0.601511975,0.138020761,0.021103354,0
-0.65099119,-0.162735072,-0.415090525,0
-0.684319431,-0.19349337,-0.388754268,0
-0.629982735,0.164872652,0.143891346,0
-0.999891555,0.071557693,2.277719244,0
-1.241263804,0.417209883,2.538969655,0
1.150589117,1.116865547,0.881278446,1
-0.834086987,-1.836526002,3.618040576,0
-0.718003122,-1.977130306,3.640302619,0
-0.764486942,-2.020433952,3.676229419,0
-0.972701973,-1.513926464,2.819511579,0
1.540804403,-1.662246675,4.561461592,1
-0.356169061,-3.186548926,3.118580417,0
1.597450445,-1.688455577,4.461067976,1
1.870741969,-2.470083359,2.590224403,1
1.474400849,-0.456778572,2.075955751,1
1.652351798,-1.628800917,2.404726472,1
1.450768757,-1.500109458,4.460116371,1
1.728631959,-1.494106397,2.387627252,1
-0.027431306,-3.487410386,0.984525268,0
-0.354561557,-2.607865252,1.190089267,0
-0.639739756,-1.929386323,1.229042203,0
-0.507247849,-2.339693643,1.149446592,0
-0.557010049,-2.265198723,1.368435014,0
1.559378867,-1.26994117,2.440013111,1
-0.82904953,-1.775954135,3.650601527,0
1.379349753,-0.973579395,3.127637787,1
-1.048143452,-1.815615765,4.216630901,0
1.7545019,-1.353877801,1.587356212,1
-0.639063537,-2.137571059,1.771325968,0
1.508596771,-1.528013644,4.4823028,1
1.168095249,-0.43424377,4.753594222,1
-0.470565506,-1.134108978,1.384238625,0
-0.341814218,-1.903717948,0.26117511,0
-0.633172186,-0.650147812,0.208515778,0
-1.060988493,-0.819381565,2.540118692,0
1.51731966,0.157670772,1.330721915,1
-0.730340014,-1.156622759,2.323184397,0
-0.868020322,-1.043546467,2.372228195,0
1.843438898,-0.577999863,1.384602145,1
1.776740123,-0.837476481,1.859450496,1
2.450375806,-2.656263463,0.74661545,1
1.310285967,0.312389432,2.386171362,1
-0.16273924,-2.134826542,0.190558272,0
-0.198340814,-2.472725321,2.384455035,0
2.052254205,-1.67355296,1.670457885,1
-0.032231348,-3.681646347,0.757853961,0
1.42502827,-0.750056917,2.824444364,1
-0.187172737,-3.580089651,2.814208497,0
1.38858963,-0.609207427,3.827148345,1
-0.998850298,-1.593365128,3.716180972,0
-0.755911378,-1.360671099,3.541115834,0
-1.019462253,-1.610973002,3.735286588,0
-0.570468423,-2.667933853,3.357807239,0
-0.567522206,-2.38374882,3.185310625,0
2.019535116,-2.899885264,2.338140556,1
-0.069353575,-3.253311837,0.758724925,0
1.367298188,-0.612016712,3.150021274,1
1.479748262,-0.949436902,2.819809155,1
-1.135510027,-1.950410229,4.15181963,0
1.582641738,-1.4014812,2.654888254,1
-0.430681732,-2.904702967,3.236141138,0
1.314475537,-1.233810268,4.830088526,1
1.184199849,-0.473056946,5.027718731,1
-0.092097906,-2.987728765,1.97638588,0
-0.884901388,-0.411959658,2.306245605,0
2.369877162,-1.72993508,0.505059109,1
1.86112779,-0.909561706,1.248876041,1
1.588021274,-0.779630909,2.443169419,1
-0.415749553,-1.772896619,3.170766359,0
-0.402586379,-2.126755283,1.77026539,0
-1.07607092,-0.332676501,0.016459845,0
